{"cameraMode":{"drawMode":0,"name":"Shaded","section":"Shading Mode"},"sceneLighting":true,"audioPlay":false,"sceneViewState":{"showFog":true,"showMaterialUpdate":false,"showSkybox":true,"showFlares":true,"showImageEffects":true,"showParticleSystems":true},"in2DMode":false,"pivot":{"x":0.017383813858032228,"y":1.0335758924484254,"z":0.5672774314880371},"rotation":{"x":0.0037094277795404197,"y":0.5661181211471558,"z":0.002547547221183777,"w":-0.8243117332458496},"size":5.406496047973633,"orthographic":false}