{"cameraMode":{"drawMode":0,"name":"Shaded","section":"Shading Mode"},"sceneLighting":true,"audioPlay":false,"sceneViewState":{"showFog":true,"showMaterialUpdate":false,"showSkybox":true,"showFlares":true,"showImageEffects":true,"showParticleSystems":true},"in2DMode":false,"pivot":{"x":-2.574131727218628,"y":2.195094347000122,"z":1.6226857900619507},"rotation":{"x":0.0037094277795404197,"y":0.5661181211471558,"z":0.002547547221183777,"w":-0.8243117332458496},"size":5.515084266662598,"orthographic":false}